﻿{"cameraMode":{"drawMode":0,"name":"Shaded","section":"Shading Mode"},"sceneLighting":true,"audioPlay":false,"sceneViewState":{"showFog":true,"showMaterialUpdate":false,"showSkybox":true,"showFlares":true,"showImageEffects":true,"showParticleSystems":true},"in2DMode":false,"pivot":{"x":8.678905487060547,"y":-24.208648681640626,"z":-7.626888275146484},"rotation":{"x":0.10923914611339569,"y":0.8867412805557251,"z":-0.35923057794570925,"w":0.269648015499115},"size":84.13648986816406,"orthographic":false}