﻿{"cameraMode":{"drawMode":0,"name":"Shaded","section":"Shading Mode"},"sceneLighting":false,"audioPlay":false,"sceneViewState":{"showFog":true,"showMaterialUpdate":false,"showSkybox":true,"showFlares":true,"showImageEffects":true,"showParticleSystems":true},"in2DMode":false,"pivot":{"x":1.7589999437332154,"y":1.253000020980835,"z":5.960000038146973},"rotation":{"x":0.1484021544456482,"y":0.5096385478973389,"z":-0.08974584192037583,"w":0.8427283763885498},"size":0.2857885956764221,"orthographic":false}