﻿{"cameraMode":{"drawMode":0,"name":"Shaded","section":"Shading Mode"},"sceneLighting":false,"audioPlay":false,"sceneViewState":{"showFog":true,"showMaterialUpdate":false,"showSkybox":true,"showFlares":true,"showImageEffects":true,"showParticleSystems":true},"in2DMode":false,"pivot":{"x":19.082378387451173,"y":0.7476511001586914,"z":9.727888107299805},"rotation":{"x":0.019423725083470346,"y":-0.9449804425239563,"z":0.05707959830760956,"w":0.32152223587036135},"size":86.96590423583985,"orthographic":false}