﻿{"cameraMode":{"drawMode":0,"name":"Shaded","section":"Shading Mode"},"sceneLighting":false,"audioPlay":false,"sceneViewState":{"showFog":true,"showMaterialUpdate":false,"showSkybox":true,"showFlares":true,"showImageEffects":true,"showParticleSystems":true},"in2DMode":false,"pivot":{"x":-0.04408836364746094,"y":-0.14693379402160645,"z":0.193398118019104},"rotation":{"x":-0.1148509830236435,"y":0.8481084704399109,"z":-0.20514611899852754,"w":-0.4748013913631439},"size":3.157883644104004,"orthographic":false}